size,linear_us,bst_us,rbt_us,hash_us,multimap_us,collisions
100,3400,400,200,400,700,90
1000,18200,700,500,600,700,950
5000,87300,900,800,700,1300,4754
10000,174400,900,900,800,1300,9508
50000,931300,1500,1500,1600,1500,47529
100000,1.8645e+06,1400,1500,1700,2100,95062
200000,3.6462e+06,1500,1600,1400,2000,190125
500000,8.9423e+06,1300,1700,1400,2800,475285
750000,1.36293e+07,1700,2200,2400,3400,712956
1000000,1.85697e+07,1700,1600,2000,3300,950627
